Workbook

Sheet Lab Data & Calculations
A1: PUMP A - LAB DATA & HYDRAULIC POWER CALCULATIONS
A3: 3300 RPM
A4: Point | B4: Q (ltr/min) | C4: Q (m³/s) | D4: P_discharge (bar) | E4: P_suction (bar) | F4: ΔP (bar) | G4: H (m) = ΔP×10.197
A5: 1 | B5: 41.5 | C5: =B5/60000 -> 0.00069166667 | D5: 0.11 | E5: -0.16 | F5: =D5-E5 -> 0.27 | G5: =F5*10.197 -> 2.75319
A6: 2 | B6: 37.3 | C6: =B6/60000 -> 0.00062166667 | D6: 0.3 | E6: -0.13 | F6: =D6-E6 -> 0.43 | G6: =F6*10.197 -> 4.38471
A7: 3 | B7: 33.6 | C7: =B7/60000 -> 0.00056 | D7: 0.48 | E7: -0.11 | F7: =D7-E7 -> 0.59 | G7: =F7*10.197 -> 6.01623
A8: 4 | B8: 29.6 | C8: =B8/60000 -> 0.00049333333 | D8: 0.63 | E8: -0.08 | F8: =D8-E8 -> 0.71 | G8: =F8*10.197 -> 7.23987
A9: 5 | B9: 25.5 | C9: =B9/60000 -> 0.000425 | D9: 0.72 | E9: -0.07 | F9: =D9-E9 -> 0.79 | G9: =F9*10.197 -> 8.05563
A10: 6 | B10: 21.5 | C10: =B10/60000 -> 0.00035833333 | D10: 0.83 | E10: -0.05 | F10: =D10-E10 -> 0.88 | G10: =F10*10.197 -> 8.97336
A11: 7 | B11: 17.8 | C11: =B11/60000 -> 0.00029666667 | D11: 0.94 | E11: -0.04 | F11: =D11-E11 -> 0.98 | G11: =F11*10.197 -> 9.99306
A12: 8 | B12: 12.5 | C12: =B12/60000 -> 0.00020833333 | D12: 1.04 | E12: -0.02 | F12: =D12-E12 -> 1.06 | G12: =F12*10.197 -> 10.80882
A13: 9 | B13: 8.4 | C13: =B13/60000 -> 0.00014 | D13: 1.11 | E13: -0.01 | F13: =D13-E13 -> 1.12 | G13: =F13*10.197 -> 11.42064
A14: 10 | B14: 3.6 | C14: =B14/60000 -> 6e-05 | D14: 1.19 | E14: 0 | F14: =D14-E14 -> 1.19 | G14: =F14*10.197 -> 12.13443
A15: 11 | B15: 0 | C15: =B15/60000 -> 0 | D15: 1.29 | E15: 0 | F15: =D15-E15 -> 1.29 | G15: =F15*10.197 -> 13.15413
A17: 2700 RPM
A18: Point | B18: Q (ltr/min) | C18: Q (m³/s) | D18: P_discharge (bar) | E18: P_suction (bar) | F18: ΔP (bar) | G18: H (m) = ΔP×10.197
A19: 1 | B19: 36.6 | C19: =B19/60000 -> 0.00061 | D19: 0.07 | E19: -0.11 | F19: =D19-E19 -> 0.18 | G19: =F19*10.197 -> 1.83546
A20: 2 | B20: 33.5 | C20: =B20/60000 -> 0.00055833333 | D20: 0.19 | E20: -0.09 | F20: =D20-E20 -> 0.28 | G20: =F20*10.197 -> 2.85516
A21: 3 | B21: 29.9 | C21: =B21/60000 -> 0.00049833333 | D21: 0.31 | E21: -0.07 | F21: =D21-E21 -> 0.38 | G21: =F21*10.197 -> 3.87486
A22: 4 | B22: 25.9 | C22: =B22/60000 -> 0.00043166667 | D22: 0.42 | E22: -0.06 | F22: =D22-E22 -> 0.48 | G22: =F22*10.197 -> 4.89456
A23: 5 | B23: 22.5 | C23: =B23/60000 -> 0.000375 | D23: 0.51 | E23: -0.04 | F23: =D23-E23 -> 0.55 | G23: =F23*10.197 -> 5.60835
A24: 6 | B24: 18 | C24: =B24/60000 -> 0.0003 | D24: 0.6 | E24: -0.03 | F24: =D24-E24 -> 0.63 | G24: =F24*10.197 -> 6.42411
A25: 7 | B25: 14.6 | C25: =B25/60000 -> 0.00024333333 | D25: 0.62 | E25: -0.02 | F25: =D25-E25 -> 0.64 | G25: =F25*10.197 -> 6.52608
A26: 8 | B26: 10 | C26: =B26/60000 -> 0.00016666667 | D26: 0.72 | E26: -0.01 | F26: =D26-E26 -> 0.73 | G26: =F26*10.197 -> 7.44381
A27: 9 | B27: 6.5 | C27: =B27/60000 -> 0.00010833333 | D27: 0.76 | E27: 0 | F27: =D27-E27 -> 0.76 | G27: =F27*10.197 -> 7.74972
A28: 10 | B28: 3.3 | C28: =B28/60000 -> 5.5e-05 | D28: 0.79 | E28: 0 | F28: =D28-E28 -> 0.79 | G28: =F28*10.197 -> 8.05563
A29: 11 | B29: 0 | C29: =B29/60000 -> 0 | D29: 0.86 | E29: 0 | F29: =D29-E29 -> 0.86 | G29: =F29*10.197 -> 8.76942
A31: 2100 RPM
A32: Point | B32: Q (ltr/min) | C32: Q (m³/s) | D32: P_discharge (bar) | E32: P_suction (bar) | F32: ΔP (bar) | G32: H (m) = ΔP×10.197
A33: 1 | B33: 24.3 | C33: =B33/60000 -> 0.000405 | D33: 0.05 | E33: -0.06 | F33: =D33-E33 -> 0.11 | G33: =F33*10.197 -> 1.12167
A34: 2 | B34: 22.2 | C34: =B34/60000 -> 0.00037 | D34: 0.1 | E34: -0.06 | F34: =D34-E34 -> 0.16 | G34: =F34*10.197 -> 1.63152
A35: 3 | B35: 20.2 | C35: =B35/60000 -> 0.00033666667 | D35: 0.17 | E35: -0.04 | F35: =D35-E35 -> 0.21 | G35: =F35*10.197 -> 2.14137
A36: 4 | B36: 17.5 | C36: =B36/60000 -> 0.00029166667 | D36: 0.24 | E36: -0.03 | F36: =D36-E36 -> 0.27 | G36: =F36*10.197 -> 2.75319
A37: 5 | B37: 15 | C37: =B37/60000 -> 0.00025 | D37: 0.31 | E37: -0.03 | F37: =D37-E37 -> 0.34 | G37: =F37*10.197 -> 3.46698
A38: 6 | B38: 12.8 | C38: =B38/60000 -> 0.00021333333 | D38: 0.34 | E38: -0.02 | F38: =D38-E38 -> 0.36 | G38: =F38*10.197 -> 3.67092
A39: 7 | B39: 9.9 | C39: =B39/60000 -> 0.000165 | D39: 0.39 | E39: -0.01 | F39: =D39-E39 -> 0.4 | G39: =F39*10.197 -> 4.0788
A40: 8 | B40: 7.5 | C40: =B40/60000 -> 0.000125 | D40: 0.42 | E40: -0.01 | F40: =D40-E40 -> 0.43 | G40: =F40*10.197 -> 4.38471
A41: 9 | B41: 5.2 | C41: =B41/60000 -> 8.6666667e-05 | D41: 0.45 | E41: 0 | F41: =D41-E41 -> 0.45 | G41: =F41*10.197 -> 4.58865
A42: 10 | B42: 3.3 | C42: =B42/60000 -> 5.5e-05 | D42: 0.47 | E42: 0 | F42: =D42-E42 -> 0.47 | G42: =F42*10.197 -> 4.79259
A43: 11 | B43: 0 | C43: =B43/60000 -> 0 | D43: 0.52 | E43: 0 | F43: =D43-E43 -> 0.52 | G43: =F43*10.197 -> 5.30244

Sheet Pump design
A1: PUMP SYSTEM DESIGN
A3: CLIENT REQUIREMENTS | F3: Q = Q1 + (H_target - H1) × (Q2 - Q1) / (H2 - H1)
A4: Fixed head loss: | B4: 5 m
A5: Flow rate range: | B5: 0.0001 - 0.013 m³/s
A6: Available equipment: | B6: Pump A, B, C, D at 2900 RPM (fixed)
A10: PUMP PERFORMANCE AT 2900 RPM (Estimated) | J10: Pump A | N10: Pump C | R10: Pump B | V10: Pump D
A11: Pump | B11: D (mm) | C11: Max Q (m³/s) | D11: H (m) | E11: Feasible? | J11: D (mm) | K11: Q (m³/s) | L11: H (m) | M11: Q (ltr/min) | N11: D (mm) | O11: Q (m³/s) | P11: H (m) | Q11: Q (ltr/min) | R11: D (mm) | S11: Q (m³/s) | T11: H (m) | U11: Q (ltr/min) | V11: D (mm) | W11: Q (m³/s) | X11: H (m) | Y11: Q (ltr/min)
A12: A | B12: 100 | C12: =(2900/2700)*'Lab Data & Calculations'!C19 -> 0.00065518519 | D12: ='Lab Data & Calculations'!G19/((2700/2900)^2) -> 2.1174511 | E12: (H too low) | J12: 100 | K12: ='Lab Data & Calculations'!C19*(2900/2700) -> 0.00065518519 | L12: ='Lab Data & Calculations'!G19*(2900/2700)^2 -> 2.1174511 | M12: =K12*60000 -> 39.311111 | N12: 200 | O12: =K12*(200/100)^3 -> 0.0052414815 | P12: =L12*(200/100)^2 -> 8.4698044 | Q12: =O12*60000 -> 314.48889 | R12: 150 | S12: =K12*(150/100)^3 -> 0.00221125 | T12: =L12*(150/100)^2 -> 4.764265 | U12: =S12*60000 -> 132.675 | V12: 250 | W12: =K12*(250/100)^3 -> 0.010237269 | X12: =L12*(250/100)^2 -> 13.234069 | Y12: =W12*60000 -> 614.23611
A13: B | B13: 150 | C13: =C12*(B13/B12)^3 -> 0.00221125 | D13: =D12*(B13/B12)^2 -> 4.764265 | E13: (H too low) | J13: 100 | K13: ='Lab Data & Calculations'!C20*(2900/2700) -> 0.00059969136 | L13: ='Lab Data & Calculations'!G20*(2900/2700)^2 -> 3.2938128 | M13: =K13*60000 -> 35.981481 | N13: 200 | O13: =K13*(200/100)^3 -> 0.0047975309 | P13: =L13*(200/100)^2 -> 13.175251 | Q13: =O13*60000 -> 287.85185 | R13: 150 | S13: =K13*(150/100)^3 -> 0.0020239583 | T13: =L13*(150/100)^2 -> 7.4110789 | U13: =S13*60000 -> 121.4375 | V13: 250 | W13: =K13*(250/100)^3 -> 0.0093701775 | X13: =L13*(250/100)^2 -> 20.58633 | Y13: =W13*60000 -> 562.21065
A14: C | B14: 200 | C14: =C13*(B14/B13)^3 -> 0.0052414815 | D14: =D13*(B14/B13)^2 -> 8.4698044 | E14: Pump curve crosses H = 5 m | J14: 100 | K14: ='Lab Data & Calculations'!C21*(2900/2700) -> 0.00053524691 | L14: ='Lab Data & Calculations'!G21*(2900/2700)^2 -> 4.4701746 | M14: =K14*60000 -> 32.114815 | N14: 200 | O14: =K14*(200/100)^3 -> 0.0042819753 | P14: =L14*(200/100)^2 -> 17.880698 | Q14: =O14*60000 -> 256.91852 | R14: 150 | S14: =K14*(150/100)^3 -> 0.0018064583 | T14: =L14*(150/100)^2 -> 10.057893 | U14: =S14*60000 -> 108.3875 | V14: 250 | W14: =K14*(250/100)^3 -> 0.008363233 | X14: =L14*(250/100)^2 -> 27.938591 | Y14: =W14*60000 -> 501.79398
A15: D | B15: 250 | C15: =C14*(B15/B14)^3 -> 0.010237269 | D15: =D14*(B15/B14)^2 -> 13.234069 | E15: Pump curve crosses H = 5 m | J15: 100 | K15: ='Lab Data & Calculations'!C22*(2900/2700) -> 0.00046364198 | L15: ='Lab Data & Calculations'!G22*(2900/2700)^2 -> 5.6465363 | M15: =K15*60000 -> 27.818519 | N15: 200 | O15: =K15*(200/100)^3 -> 0.0037091358 | P15: =L15*(200/100)^2 -> 22.586145 | Q15: =O15*60000 -> 222.54815 | R15: 150 | S15: =K15*(150/100)^3 -> 0.0015647917 | T15: =L15*(150/100)^2 -> 12.704707 | U15: =S15*60000 -> 93.8875 | V15: 250 | W15: =K15*(250/100)^3 -> 0.0072444059 | X15: =L15*(250/100)^2 -> 35.290852 | Y15: =W15*60000 -> 434.66435
J16: 100 | K16: ='Lab Data & Calculations'!C23*(2900/2700) -> 0.00040277778 | L16: ='Lab Data & Calculations'!G23*(2900/2700)^2 -> 6.4699895 | M16: =K16*60000 -> 24.166667 | N16: 200 | O16: =K16*(200/100)^3 -> 0.0032222222 | P16: =L16*(200/100)^2 -> 25.879958 | Q16: =O16*60000 -> 193.33333 | R16: 150 | S16: =K16*(150/100)^3 -> 0.001359375 | T16: =L16*(150/100)^2 -> 14.557476 | U16: =S16*60000 -> 81.5625 | V16: 250 | W16: =K16*(250/100)^3 -> 0.0062934028 | X16: =L16*(250/100)^2 -> 40.437434 | Y16: =W16*60000 -> 377.60417
J17: 100 | K17: ='Lab Data & Calculations'!C24*(2900/2700) -> 0.00032222222 | L17: ='Lab Data & Calculations'!G24*(2900/2700)^2 -> 7.4110789 | M17: =K17*60000 -> 19.333333 | N17: 200 | O17: =K17*(200/100)^3 -> 0.0025777778 | P17: =L17*(200/100)^2 -> 29.644316 | Q17: =O17*60000 -> 154.66667 | R17: 150 | S17: =K17*(150/100)^3 -> 0.0010875 | T17: =L17*(150/100)^2 -> 16.674928 | U17: =S17*60000 -> 65.25 | V17: 250 | W17: =K17*(250/100)^3 -> 0.0050347222 | X17: =L17*(250/100)^2 -> 46.319243 | Y17: =W17*60000 -> 302.08333
J18: 100 | K18: ='Lab Data & Calculations'!C25*(2900/2700) -> 0.00026135802 | L18: ='Lab Data & Calculations'!G25*(2900/2700)^2 -> 7.5287151 | M18: =K18*60000 -> 15.681481 | N18: 200 | O18: =K18*(200/100)^3 -> 0.0020908642 | P18: =L18*(200/100)^2 -> 30.11486 | Q18: =O18*60000 -> 125.45185 | R18: 150 | S18: =K18*(150/100)^3 -> 0.00088208333 | T18: =L18*(150/100)^2 -> 16.939609 | U18: =S18*60000 -> 52.925 | V18: 250 | W18: =K18*(250/100)^3 -> 0.0040837191 | X18: =L18*(250/100)^2 -> 47.054469 | Y18: =W18*60000 -> 245.02315
J19: 100 | K19: ='Lab Data & Calculations'!C26*(2900/2700) -> 0.00017901235 | L19: ='Lab Data & Calculations'!G26*(2900/2700)^2 -> 8.5874406 | M19: =K19*60000 -> 10.740741 | N19: 200 | O19: =K19*(200/100)^3 -> 0.0014320988 | P19: =L19*(200/100)^2 -> 34.349762 | Q19: =O19*60000 -> 85.925926 | R19: 150 | S19: =K19*(150/100)^3 -> 0.00060416667 | T19: =L19*(150/100)^2 -> 19.321741 | U19: =S19*60000 -> 36.25 | V19: 250 | W19: =K19*(250/100)^3 -> 0.0027970679 | X19: =L19*(250/100)^2 -> 53.671504 | Y19: =W19*60000 -> 167.82407
A20: Pump | B20: H_system (m) | C20: Q @ 5 m (m³/s) | D20: Q @ 5 m (L/min) | E20: Within required range? | J20: 100 | K20: ='Lab Data & Calculations'!C27*(2900/2700) -> 0.00011635802 | L20: ='Lab Data & Calculations'!G27*(2900/2700)^2 -> 8.9403491 | M20: =K20*60000 -> 6.9814815 | N20: 200 | O20: =K20*(200/100)^3 -> 0.0009308642 | P20: =L20*(200/100)^2 -> 35.761397 | Q20: =O20*60000 -> 55.851852 | R20: 150 | S20: =K20*(150/100)^3 -> 0.00039270833 | T20: =L20*(150/100)^2 -> 20.115786 | U20: =S20*60000 -> 23.5625 | V20: 250 | W20: =K20*(250/100)^3 -> 0.0018180941 | X20: =L20*(250/100)^2 -> 55.877182 | Y20: =W20*60000 -> 109.08565
A21: A | B21: 5 | C21: — | D21: - | E21: No (cannot reach 5 m) | J21: 100 | K21: ='Lab Data & Calculations'!C28*(2900/2700) -> 5.9074074e-05 | L21: ='Lab Data & Calculations'!G28*(2900/2700)^2 -> 9.2932577 | M21: =K21*60000 -> 3.5444444 | N21: 200 | O21: =K21*(200/100)^3 -> 0.00047259259 | P21: =L21*(200/100)^2 -> 37.173031 | Q21: =O21*60000 -> 28.355556 | R21: 150 | S21: =K21*(150/100)^3 -> 0.000199375 | T21: =L21*(150/100)^2 -> 20.90983 | U21: =S21*60000 -> 11.9625 | V21: 250 | W21: =K21*(250/100)^3 -> 0.00092303241 | X21: =L21*(250/100)^2 -> 58.08286 | Y21: =W21*60000 -> 55.381944
A22: B | B22: 5 | C22: - | D22: - | E22: No (cannot reach 5 m) | J22: 100 | K22: ='Lab Data & Calculations'!C29*(2900/2700) -> 0 | L22: ='Lab Data & Calculations'!G29*(2900/2700)^2 -> 10.116711 | M22: =K22*60000 -> 0 | N22: 200 | O22: =K22*(200/100)^3 -> 0 | P22: =L22*(200/100)^2 -> 40.466843 | Q22: =O22*60000 -> 0 | R22: 150 | S22: =K22*(150/100)^3 -> 0 | T22: =L22*(150/100)^2 -> 22.762599 | U22: =S22*60000 -> 0 | V22: 250 | W22: =K22*(250/100)^3 -> 0 | X22: =L22*(250/100)^2 -> 63.229443 | Y22: =W22*60000 -> 0
A23: C | B23: 5 | C23: =D23/60000 -> 0.0058098752 | D23: =K45 -> 348.59251 | E23: Yes
A24: D | B24: 5 | C24: =D24/60000 -> 0.011923312 | D24: =L45 -> 715.39873 | E24: Yes (exceeds required range; oversized)
J26: H(m) | K26: Q (ltr/min) @ C | L26: Q (ltr/min) @ D | M26: Total Q
J27: 0 | K27: =Q12 + ( - P12) * (Q22 - Q12) / (P22 - P12) -> 397.73595 | L27: =614.2361111 + (J27 - 13.23406944) * (0 - 614.2361111) / (63.2294429 - 13.23406944) -> 776.82802 | M27: =L27+K27 -> 1174.564
J28: 2 | K28: =Q12 + ( J28- P12) * (Q22 - Q12) / (P22 - P12) -> 378.07857 | L28: =614.2361111 + (J28 - 13.23406944) * (0 - 614.2361111) / (63.2294429 - 13.23406944) -> 752.2563 | M28: =L28+K28 -> 1130.3349
J29: 4 | K29: =Q12 + ( J29- P12) * (Q22 - Q12) / (P22 - P12) -> 358.4212 | L29: =614.2361111 + (J29 - 13.23406944) * (0 - 614.2361111) / (63.2294429 - 13.23406944) -> 727.68459 | M29: =L29+K29 -> 1086.1058
J30: 6 | K30: =Q12 + (J30 - P12) * (Q22 - Q12) / (P22 - P12) -> 338.76382 | L30: =614.2361111 + (J30 - 13.23406944) * (0 - 614.2361111) / (63.2294429 - 13.23406944) -> 703.11287 | M30: =L30+K30 -> 1041.8767
J31: 8 | K31: =Q12 + (J31 - P12) * (Q22 - Q12) / (P22 - P12) -> 319.10645 | L31: =614.2361111 + (J31 - 13.23406944) * (0 - 614.2361111) / (63.2294429 - 13.23406944) -> 678.54115 | M31: =L31+K31 -> 997.6476
J32: 10 | K32: =Q12 + (J32 - P12) * (Q22 - Q12) / (P22 - P12) -> 299.44908 | L32: =614.2361111 + (J32 - 13.23406944) * (0 - 614.2361111) / (63.2294429 - 13.23406944) -> 653.96943 | M32: =L32+K32 -> 953.41851
C33: =B33/'Pump design'!M12 -> 0 | J33: 12 | K33: =Q12 + ( J33- P12) * (Q22 - Q12) / (P22 - P12) -> 279.7917 | L33: =614.2361111 + (J33 - 13.23406944) * (0 - 614.2361111) / (63.2294429 - 13.23406944) -> 629.39771 | M33: =L33+K33 -> 909.18942
J34: 15 | K34: =Q12 + ( J34- P12) * (Q22 - Q12) / (P22 - P12) -> 250.30564 | L34: =614.2361111 + (J34 - 13.23406944) * (0 - 614.2361111) / (63.2294429 - 13.23406944) -> 592.54014 | M34: =L34+K34 -> 842.84578
J35: 20 | K35: =Q12 + ( J35- P12) * (Q22 - Q12) / (P22 - P12) -> 201.1622 | L35: =614.2361111 + (J35 - 13.23406944) * (0 - 614.2361111) / (63.2294429 - 13.23406944) -> 531.11084 | M35: =L35+K35 -> 732.27304
J36: 25 | K36: =Q12 + ( J36- P12) * (Q22 - Q12) / (P22 - P12) -> 152.01877 | L36: =614.2361111 + (J36 - 13.23406944) * (0 - 614.2361111) / (63.2294429 - 13.23406944) -> 469.68155 | M36: =L36+K36 -> 621.70031
J37: 30 | K37: =Q12 + ( J37- P12) * (Q22 - Q12) / (P22 - P12) -> 102.87533 | L37: =614.2361111 + (J37 - 13.23406944) * (0 - 614.2361111) / (63.2294429 - 13.23406944) -> 408.25225 | M37: =L37+K37 -> 511.12758
J38: 35 | K38: =Q12 + ( J38- P12) * (Q22 - Q12) / (P22 - P12) -> 53.731894 | L38: =614.2361111 + (J38 - 13.23406944) * (0 - 614.2361111) / (63.2294429 - 13.23406944) -> 346.82296 | M38: =L38+K38 -> 400.55485
J39: 40 | K39: =Q12 + ( J39- P12) * (Q22 - Q12) / (P22 - P12) -> 4.5884583 | L39: =614.2361111 + (J39 - 13.23406944) * (0 - 614.2361111) / (63.2294429 - 13.23406944) -> 285.39366 | M39: =L39+K39 -> 289.98212
J41: 50 | K41: =Q12 + (J41 - P12) * (Q22 - Q12) / (P22 - P12) -> -93.698414 | L41: =614.2361111 + (J41 - 13.23406944) * (0 - 614.2361111) / (63.2294429 - 13.23406944) -> 162.53507 | M41: =L41+K41 -> 68.836657
J42: 55 | K42: =Q12 + (J42 - P12) * (Q22 - Q12) / (P22 - P12) -> -142.84185 | L42: =614.2361111 + (J42 - 13.23406944) * (0 - 614.2361111) / (63.2294429 - 13.23406944) -> 101.10578 | M42: =L42+K42 -> -41.736075
J43: 60 | K43: =Q12 + ( J43- P12) * (Q22 - Q12) / (P22 - P12) -> -191.98529 | L43: =614.2361111 + (J43 - 13.23406944) * (0 - 614.2361111) / (63.2294429 - 13.23406944) -> 39.67648 | M43: =L43+K43 -> -152.30881 | R43: 0 | S43: 5
J44: 63 | K44: =Q12 + (J44 - P12) * (Q22 - Q12) / (P22 - P12) -> -221.47135 | L44: =614.2361111 + (J44 - 13.23406944) * (0 - 614.2361111) / (63.2294429 - 13.23406944) -> 2.8189031 | M44: =L44+K44 -> -218.65244 | R44: 1200 | S44: 5
J45: 5 | K45: =Q12 + (J45 - P12) * (Q22 - Q12) / (P22 - P12) -> 348.59251 | L45: =614.2361111 + (J45 - 13.23406944) * (0 - 614.2361111) / (63.2294429 - 13.23406944) -> 715.39873 | M45: =L45+K45 -> 1063.9912
AE54: `

Sheet Performance Curves
A1: PUMP PERFORMANCE CURVES - HEAD vs FLOW RATE
A3: 3300 RPM | C3: 2700 RPM | E3: 2100 RPM
A4: Q (ltr/min) | B4: H (m) | C4: Q (ltr/min) | D4: H (m) | E4: Q (ltr/min) | F4: H (m)
A5: 41.5 | B5: ='Lab Data & Calculations'!G5 -> 2.75319 | C5: 36.6 | D5: ='Lab Data & Calculations'!G19 -> 1.83546 | E5: 24.3 | F5: ='Lab Data & Calculations'!G33 -> 1.12167
A6: 37.3 | B6: ='Lab Data & Calculations'!G6 -> 4.38471 | C6: 33.5 | D6: ='Lab Data & Calculations'!G20 -> 2.85516 | E6: 22.2 | F6: ='Lab Data & Calculations'!G34 -> 1.63152
A7: 33.6 | B7: ='Lab Data & Calculations'!G7 -> 6.01623 | C7: 29.9 | D7: ='Lab Data & Calculations'!G21 -> 3.87486 | E7: 20.2 | F7: ='Lab Data & Calculations'!G35 -> 2.14137
A8: 29.6 | B8: ='Lab Data & Calculations'!G8 -> 7.23987 | C8: 25.9 | D8: ='Lab Data & Calculations'!G22 -> 4.89456 | E8: 17.5 | F8: ='Lab Data & Calculations'!G36 -> 2.75319
A9: 25.5 | B9: ='Lab Data & Calculations'!G9 -> 8.05563 | C9: 22.5 | D9: ='Lab Data & Calculations'!G23 -> 5.60835 | E9: 15 | F9: ='Lab Data & Calculations'!G37 -> 3.46698
A10: 21.5 | B10: ='Lab Data & Calculations'!G10 -> 8.97336 | C10: 18 | D10: ='Lab Data & Calculations'!G24 -> 6.42411 | E10: 12.8 | F10: ='Lab Data & Calculations'!G38 -> 3.67092
A11: 17.8 | B11: ='Lab Data & Calculations'!G11 -> 9.99306 | C11: 14.6 | D11: ='Lab Data & Calculations'!G25 -> 6.52608 | E11: 9.9 | F11: ='Lab Data & Calculations'!G39 -> 4.0788
A12: 12.5 | B12: ='Lab Data & Calculations'!G12 -> 10.80882 | C12: 10 | D12: ='Lab Data & Calculations'!G26 -> 7.44381 | E12: 7.5 | F12: ='Lab Data & Calculations'!G40 -> 4.38471
A13: 8.4 | B13: ='Lab Data & Calculations'!G13 -> 11.42064 | C13: 6.5 | D13: ='Lab Data & Calculations'!G27 -> 7.74972 | E13: 5.2 | F13: ='Lab Data & Calculations'!G41 -> 4.58865
A14: 3.6 | B14: ='Lab Data & Calculations'!G14 -> 12.13443 | C14: 3.3 | D14: ='Lab Data & Calculations'!G28 -> 8.05563 | E14: 3.3 | F14: ='Lab Data & Calculations'!G42 -> 4.79259
A15: 0 | B15: ='Lab Data & Calculations'!G15 -> 13.15413 | C15: 0 | D15: ='Lab Data & Calculations'!G29 -> 8.76942 | E15: 0 | F15: ='Lab Data & Calculations'!G43 -> 5.30244
